"title","description","stars","review_count","address","addr_zip","phone/country_code","phone/number","phone/role","url"
"MEC 3","Společnost je předním dodavatelem cukrářských a pekařských surovin. Dováží a distribuuje zmrzlinářské suroviny italské značky MEC3 pro výrobu kopečkové (Gelato) a točené (Softové) zmrzliny, holandské a německé kakao ADM (Olam) a další cukrářské a pekařské suroviny a pomůcky.","5","5","Psohlavců 1731/8a, 147 00  Praha, Braník","14700","420","241001271","Telefon","https://mec3.cz"
"Fanynka","On-line i přímý prodej dortů, zákusků i chlebíčků. S doručením po Praze a okolí do 120 minut. Také doručujeme do Berouna, Kladna a okolí do 150 minut. Dorty, zákusky i chlebíčky pro všechny s mlsnými jazýčky.","4.5","11","Hábova 2345/7, 155 00  Praha, Stodůlky","15500","420","739323948","Mobil","https://www.sladkapohotovost.cz"
"Hájek a Boušová","Výroba a prodej ovocných a šlehačkových dortů, luxusních dortů, obložených chlebíčků a mís, zmrzlin a zmrzlinových pohárů a mléčných koktejlů.","4.5","36","Dejvická 306/9, 160 00  Praha, Dejvice","16000","420","774444845","Mobil","https://www.ovocnysvetozor.cz"
"Buchal František, Dekorační ozdoby z cukru","Pan Buchal má titul Cukrář roku 2016. Děláme vánočky, vánoční cukroví, mazance, chlebíčky. Výroba ozdob z marcipánu a čokolády. Firemní dorty, dětské dorty, narozeninové dorty a svatební dorty. Nabízíme dorty z fotografií na jedlém papíru, marcipánové figurky, ozdoby a výrobky z marcipánu.","5","26","U Červeného mlýnku 977/2, 196 00  Praha, Čakovice","19600","420","606349735","Telefon","https://www.buchalovi.cz/"
"Hájek a Boušová","Výroba a prodej ovocných a šlehačkových dortů, luxusních dortů, obložených chlebíčků a mís, zmrzlin a zmrzlinových pohárů a mléčných koktejlů.","4.5","24","Plzeňská 1234/279, 155 00  Praha, Stodůlky","15500","420","774444868","Mobil","https://www.ovocnysvetozor.cz"
"Josef Čtrnáct","V naší prodejně můžete ochutnat z našich čerstvých produktů studené kuchyně, cukrářských výrobků i teplého občerstvení. Nabízíme Vám možnost konzumace ve stylovém prostředí zrekonstruovaných prostor farního domu.","5","2","Křižíkova 7/57, 186 00  Praha, Karlín","18600","420","725930748","Mobil","http://www.lahudkynafare.cz"
"Hájek a Boušová","Zajišťujeme výrobu a prodej ovocných a šlehačkových dortů, luxusních dortů, obložených chlebíčků a mís, zmrzlin a zmrzlinových pohárů a mléčných koktejlů.","5","17","V olšinách 1022/42, 100 00  Praha, Strašnice","10000","420","774444847","Mobil","https://www.ovocnysvetozor.cz"
"Hájek a Boušová","Výroba a prodej ovocných a šlehačkových dortů, luxusních dortů, obložených chlebíčků a mís, zmrzlin a zmrzlinových pohárů a mléčných koktejlů.","4.5","11","Počátecká 412/14, 140 00  Praha, Michle","14000","420","774444871","Mobil","https://www.ovocnysvetozor.cz"
"Hájek a Boušová","Výroba a prodej ovocných a šlehačkových dortů, luxusních dortů, obložených chlebíčků a mís, zmrzlin a zmrzlinových pohárů a mléčných koktejlů.","4","27","Vodičkova 791/39, 110 00  Praha, Nové Město","11000","420","774444874","Mobil","https://www.ovocnysvetozor.cz"
"Hájek a Boušová","Výroba a prodej ovocných a šlehačkových dortů, luxusních dortů, obložených chlebíčků a mís, zmrzlin a zmrzlinových pohárů a mléčných koktejlů.","5","9","Sokolovská 32/22, 186 00  Praha, Karlín","18600","420","774444872","Mobil","https://www.ovocnysvetozor.cz"
"Mgr. Jana Dyršmídová","Široký výběr dortů, zákusků, cukrářských výrobků, chlebíčků a obložených mís. Vše vlastní výroba. K tomu doporučujeme kávu, čokoládu nebo koktejl.","3.5","3","Olgy Havlové 2913/56, 130 00  Praha, Žižkov","13000","420","222515224","Telefon","https://amarilis.cz"
"Mgr. Jana Dyršmídová","Široký výběr dortů, zákusků, cukrářských výrobků, chlebíčků a obložených mís. Vše vlastní výroba. K tomu doporučujeme kávu, čokoládu nebo koktejl.","4","15","Pešlova 94/6, 190 00  Praha, Vysočany","19000","420","283923141","Telefon","https://amarilis.cz"
"Pavel Rakovec","Vyrábíme chlebíčky, dorty a zákusky v nadstandardní kvalitě bez použití rostlinných tuků, chemických konzervačních látek a práškových vycpávek. Dále můžete využít rozvoz celého našeho sortimentu, to znamená sladkých i slaných pochutin pro vaši kancelář či domů. Jsme také v aplikaci Dáme jídlo.","5","6","Hábova 2345/7, 155 00  Praha, Stodůlky","15500","420","739323948","Telefon","https://www.facebook.com/cukrarnafanynka/"
"Mgr. Jana Dyršmídová","Široký výběr dortů, zákusků, cukrářských výrobků, chlebíčků a obložených mís. Vše vlastní výroba. K tomu doporučujeme kávu, čokoládu nebo koktejl.","4.5","17","Arkalycká 757/6, 149 00  Praha, Háje","14900","420","272941898","Telefon","https://amarilis.cz"
"CrossCafe original","Z naší první plzeňské kavárny jsme se úspěšně rozrostli do celé ČR. Základem našeho úspěchu je prémiová káva a lahodné produkty vlastní výroby. Pro naše zákazníky vytváříme místo, kde se budou cítit jako doma. Místo pro studium, rande, práci nebo relax.","4","9","Karlovo náměstí 2097/10, 120 00  Praha, Nové Město","12000","420","732691328","Mobil","https://www.crosscafe.cz"
"Kigi park","Provozujeme zábavní park pro celou rodinu. K dispozici labyrinty a skluzavky, lanový park, trampolínový komplex, fotbalové a basketbalové kurty, vzdušný hokej, horolezecká stěna pro děti, houpačky, vzduchovky a dokonce i bungee. A to vše za jediné vstupné.","4.5","28","Radlická 520/117, 158 00  Praha, Jinonice","15800",,,,"https://superland.cz"
"Lucie Jirásková","Provoz prvorepublikové kavárny s kouzlem nostalgie. Můžete si vychutnat symbiózu kvalitní české kuchyně, výběrové kávy a přírodních vín v útulném interiéru, zasvěcenému české kulturní historii.","3.5","6","Evropská 664/134, 160 00  Praha, Dejvice","16000","420","222741262","Telefon","https://www.cafejirasek.cz"
"Zajíček na koni","Provozujeme hudební kavárnu inspirovanou Francií. Nabízíme kávu Bazzara, česká i francouzská vína, pivo Chotěboř, snídaně, obědy, večeře a francouzské dezerty. Kavárna je zároveň i pracovištěm pro lidi s handicapem. V kavárně se nachází klavír s dalšími hudebními nástroji.","5","3","Podskalská 2054/8, 128 00  Praha, Nové Město","12800","420","733748662","Mobil","http://www.cafeadastra.cz"
"POJA","Provoz cukrárny.","4.5","1","Matějovského 153/11, 153 00  Praha, Radotín","15300",,,,
"Food Code Cacao","Jsme kavárna v centru města. Naše zmrzliny, dezerty a dorty si vyrábíme podle vlastních receptur. K pití si u nás dáte skvělou kávu, výběrové sypané čaje, čerstvě připravené šťávy, anebo skvělé saláty.","4","26","V celnici 1031/4, 110 00  Praha, Nové Město","11000","420","777511677","Mobil","https://cacaoprague.cz"
"Tomáš Kadlec","Poctivé domácí výrobky a příjemné posezení u šálku výborné kávy. Dorty, zákusky, chlebíčky, kanapky, pomazánky, obložené mísy na objednávku.","5","10","Šimůnkova 1625/1, 182 00  Praha, Kobylisy","18200","420","606527758","Mobil","https://www.lahudky-cukrarna.cz"
"Pohoda - společnost pro normální život lidí s postižením","Provozujeme kavárnu s nabídkou fair tradeové kávy, domácích koláčů či lehkým jídlem. Pro děti máme připravený koutek na hraní a mléčné koktejly. Zajišťujeme cateringové služby, konference a byznys snídaně. Pořádáme narozeninové oslavy, kurzy i semináře. K dispozici je bezbariérový přístup.","4","5","Ve Smečkách 604/5, 110 00  Praha, Nové Město","11000","420","777913414","Mobil","https://www.kavarnabilavrana.cz"
"Helena Svobodová","Nabízíme pečivo, chlebíčky, saláty, zákusky, dorty a hezké posezení u kávy. Těšíme se na vaši návštěvu.","5","1","Na Lysinách 460/28, 147 00  Praha, Hodkovičky","14700","420","723199789","Telefon","http://www.cukrarnahodkovicky.cz"
"Lucie Benešová","Zabýváme se především výrobou zakázkových dortů a zákusků. V cukrárně nabízíme čerstvou kávu Costa Rica. Máme v nabídce bezlaktózové mléko a bezkofeinovou kávu. V létě ledová káva s příchutí zmrzlina, domácí limonádu, poháry. V zimně čaj z medvídků, griotka, svařák, teplé ovoce.","5","6","Jeremenkova 920/7, 147 00  Praha, Podolí","14700","420","724083809","Telefon","http://www.dortydomu.cz"
"Drunk monk","Místo, kde se potkávají místní i turisté. Místo na odpočinek, studování nebo relax v klidné atmosféře kláštera z 12.století. Posezení venku na zahrádce nebo uvnitř v historické kapli. Nabízíme výbornou kávu, plzeňské pivo nebo kvalitní vína.","4.5","8","Na Zbořenci 275/10, 120 00  Praha, Nové Město","12000","420","723594226","Telefon","https://www.praguelocals.eu"
"Marijana Sasova Petkova","Provozujeme cukrárnu.","-1","0","U Hostavického potoka 830/26, 198 00  Praha, Hostavice","19800","420","605218447","Mobil","https://www.facebook.com/profile.php"
"Trong Thoi Nguyen","Zabýváme se výrobou a prodejem pekařských výrobků. Nabízíme běžné, cereální a vícezrnné, listové, plundrové či jemné pečivo, dorty i zákusky. Dále v našem sortimentu máme obležené chlebíčky, croissanty a uzeniny. V letních měsících u nás naleznete točenou zmrzlinu či ledovou tříšť.","5","2","Katovická 411/4, 181 00  Praha, Bohnice","18100",,,,
"Žaneta Vorlová","Cukrárna s nabídkou čerstvých dortů, zákusků. Dále prodáváme lahůdky, chlebíčky. Pro osvěžení nabízíme zmrzlinu a ledovou tříšť. Zákusky a dorty vyrábíme na zakázku po dohodě a na objednání.","4","9","Radimova 2322/40, 169 00  Praha, Břevnov","16900","420","770600904","Telefon","https://cukrarnamarketa.cz"
"Elamo-projekt","Provozujeme pohybové studio, kavárnu a zázemí pro děti.","5","3","Honzíkova 635/6, 111 01  Praha, Dolní Měcholupy","11101","420","775926853","Mobil","https://www.triomalyhaj.cz"
"Roman Ježek","Provozujeme cukrárnu.","5","5","Milady Horákové 611/73, 170 00  Praha, Holešovice","17000",,,,
"GREYSPACE","Nadčasová kavárna v evropském stylu inspirovaná vídeňskými a pařížskými kavárnami s kvalitní kávou Filicori Zecchini a domácími zákusky, které vznikají pod rukama naší cukrářky. Kavárna nabízí komfortní křesla s neformálními stolečky.","5","17","Palackého 740/1, 110 00  Praha, Nové Město","11000","420","224321326","Telefon","https://www.cafegraff.cz/"
"Jana Nováková","Vyrábíme a prodáváme lahůdky vlastní výroby, prodej pečiva a provoz kavárny. Nabízíme chlebíčky, saláty, bagety, dorty, kvasový chléb, kávu, snídaně, obědy.","4.5","2","Na Zástřelu 74/1, 169 00  Praha, Břevnov","16900","420","702191092","Mobil","https://lahudkypraha.webnode.cz"
"Ivana Vachtlová","Provozujeme kavárnu s nabídkou polévek, toustů, salátů, obložených chlebů a odrůdových vín. K dispozici je bezdrátové připojení k Internetu.","4.5","10","Mánesova 1624/20, 120 00  Praha, Vinohrady","12000","420","222254021","Telefon","https://www.facebook.com/profile.php?id=100057285895043"
"Jevden","Provozujeme kavárnu a cukrárnu. Nabízíme dezerty, zákusky, dorty, ale také chlebíčky, slané croissanty, omelety, sendviče, snídaňové menu a další. Pořádáme dětské narozeninové oslavy - zařídíme Vám tematický dort, nealkoholické nápoje nebo i menší raut. K dispozici je Wi-Fi a bezbariérový přístup.","5","3","Nezamyslova 110/6, 128 00  Praha, Nusle","12800","420","773994488","Telefon","https://cukrarna-rodinka.webnode.cz"
"Martin Tichý","Nabídka kompletního sortimentu vlastní výroby. Prodej zákusků, dortů, koktejlů a zmrzliny.","4","21","Klapkova 161/35, 182 00  Praha, Kobylisy","18200","420","210320715","Telefon","http://www.cukrarna-praha8.cz"
"Ing. Oldřich Kukla","Provozujeme cukrárnu. Nabízíme dorty, zákusky, minizákusky, vánoční a velikonoční cukroví, slané pečivo. Vyrábíme také chlebíčky. Klademe důraz na čerstvost používaných surovin a tradiční technologické postupy. Vaříme italskou kávu Lavazza, espresso, cappuccino, latté.","4","4","Ke znaku 173/2, 190 14  Praha, Klánovice","19014","420","733401322","Mobil","http://www.ok-cukrarna.cz"
"Dolce Antonio","Vyrábíme a prodáváme donuty. Nabízíme mléčné koktejly.","1","1","Mojmírova 128/6, 140 00  Praha, Nusle","14000",,,,
"My Waff","Prodejna bublinkových vaflí, milkshake, kávy a dalšího občerstvení.","3.5","3","Maiselova 14/1, 110 00  Praha, Josefov","11000","420","602615756","Telefon","https://ohmywaff.cz"
"Italská cukrárna Amarena","Provozujeme italskou cukrárnu dlouhodobě působící v České republice. Nabízíme dorty, zákusky, 18 druhů zmrzliny a teplé i studené nápoje. Všechny suroviny k výrobě zákusků, dortů, dezertů a zmrzliny jsou kvalitní a vlastní receptury.","-1","0","Plzeňská 233/8, 150 00  Praha, Smíchov","15000","420","773662466","Mobil","https://www.cukrarnaamarena.cz"
"Blanka Dolejší","Prodáváme chlebíčky vlastní výroby. Zákusky, mini-zákusky a celé šlehačkové nebo tvarohovo-smetanové dorty s ovocem.","5","1","Vršovická 866/3, 101 00  Praha, Vršovice","10100","420","777058005","Mobil","http://www.cukrarnavrsovice.cz"
"Eva Veselá","Provozujeme cukrárnu. Nabízíme koláče, závin, kremrole, makovec, perník, řezy, šátečky, věnečky a další.","4.5","9","Hlaváčova 1158/14, 182 00  Praha, Kobylisy","18200","420","723726644","Mobil","https://www.karlovarskecukrarstvi.cz"
"Jiří Suchan","Cukrárna, kavárna a zmrzlinářství s vlastní řemeslnou výrobou zmrzliny, kterou stojí za to ochutnat.","4.5","20","náměstí Míru 227/14, 120 00  Praha, Vinohrady","12000","420","777836320","Telefon","https://www.vanille.cz"
"SUGAR CUBE s.r.o.","Vyrábíme exkluzivní svatební dorty, dětské dorty, speciální firemní dorty atd. Dorty vyrábíme jen z kvalitních surovin bez éček. Závozy naším chladícím vozem jsou samozřejmostí.","4.5","16","Milady Horákové 387/56, 170 00  Praha, Holešovice","17000","420","233312148","Telefon","https://www.erhartovacukrarna.cz"
"Michael Bárta","Nabízíme dorty, zákusky, čaje a kávy.","3.5","7","Slavětínská 11/61, 190 14  Praha, Klánovice","19014",,,,
"Kavárna Pražírna","V naší kavárně se můžete posadit na zahrádce i uvnitř a dát si kávu, limonádu, čaj, pivo, víno  a sladké i slané zákusy. K dispozici je Wi-Fi, WC a tekoucí teplá voda.","5","4","Lublaňská 676/50, 120 00  Praha, Vinohrady","12000","420","720385622","Mobil","https://www.kavarnaprazirna.cz"
"Pekárna u divadla","Provozujeme pekárnu s cukrárnou.","2.5","1","Branická 144/61, 147 00  Praha, Braník","14700",,,,
"Europe Active","Provoz café baru.","2","1","Plzeňská 233/8, 150 00  Praha, Smíchov","15000","420","721712549","Mobil","https://www.cafebytretters.cz"
"PURO GELATO","Provozujeme cukrárnu. Nabízíme GELATO dle vlastních receptů, GELATO poháry, mléčné koktejly, sorbety, čerstvé dorty a zákusky, přírodní ovocné šťávy a italskou Rainforest kávu a hořkou čokoládu.","5","4","Rybalkova 182/29, 101 00  Praha, Vršovice","10100","420","721438209","Mobil","https://purogelato.cz"
"AVANERO","Kavárna s vlastní prosklenou cukrářskou výrobnou.","4","6","Tylovo náměstí 645/2, 120 00  Praha, Vinohrady","12000","420","608839826","Mobil","https://ippacafe.cz/pobocky/cafe-tylovo-namesti"
"Twistcafe","Provozujeme kavárnu. K dispozici máme několik druhů kávy a trdelník. Nabízíme i rozvoz.","1","1","Na Pankráci 1727/86, 140 00  Praha, Nusle","14000","420","724855719","Mobil","https://www.facebook.com/trdlokafe"
"CZ Unity Corporation s.r.o.","Výběrová káva a luxusní dorty vlastní výroby. Veškeré nápoje a jídla Vám rádi zabalíme s sebou. Dorty na objednávku z těch nejkvalitnějších surovin.","3","3","Francouzská 761/21, 120 00  Praha, Vinohrady","12000","420","775442128","Mobil","https://elviracafe.com"
"Hájek a Boušová","Výroba a prodej ovocných a šlehačkových dortů, luxusních dortů, obložených chlebíčků a mís, zmrzlin a zmrzlinových pohárů a mléčných koktejlů.","2.5","1","Spálená 2121/22, 110 00  Praha, Nové Město","11000","420","778444121","Telefon","https://www.ovocnysvetozor.cz"
"Alexandra Hurtová","Rodinná čokoládovna. Naším přáním je rozdávat radost v podobě té nejlepší čokolády, kterou s trpělivostí a láskou vyrábíme v srdci Prahy již od r. 2008. V našich čokoládových kavárnách můžete ochutnat přes 50 druhů horkých čokolád z celého světa.","5","18","Liliová 250/4, 110 00  Praha, Staré Město","11000","420","222222519","Telefon","https://www.choco-cafe.cz"
"MISCHEL CATERING","Nabízíme široký sortiment výrobků - pekařské a cukrářské výroby, studené kuchyně a doplňkového sortimentu.","-1","0","Nákupní 390/4, 102 00  Praha, Štěrboholy","10200","420","737227793","Mobil","http://www.abaris.cz"
"Dolce Abbraccio s.r.o.","Italská kavárna, gelateria s vlastní cukrářskou výrobnou domácí zmrzliny, dezertů, pohárů a pečiva.","5","2","Nerudova 235/43, 118 00  Praha, Malá Strana","11800","420","602224888","Telefon",
"365-7-24.cz","Výroba a prodej dortů podle vlastních receptur.","-1","0","náměstí Republiky 1078/1, 110 00  Praha, Nové Město","11000","420","777266933","Mobil","https://sicake.cz"
"Sweet Republic s.r.o.","Jsme cukrářská výroba s téměř 30-ti letou tradicí a vlastní cukrárnou. Tradičními cukrářskými postupy vyrábíme poctivé výrobky z kvalitních surovin. Provozujeme také online e-shopy s dětskými dorty, kavárenskými dorty a tiskneme na jedlý papír.","4","7","Modřanská 608/10, 143 00  Praha, Modřany","14300","420","777920382","Mobil","https://www.cukrarnauskoly.cz"
"Eva HRUŠKOVÁ","Nabízíme slavnostní dorty a zákusky. Doporučujeme SNÍDANĚ u nás, čerstvé pečivo - koláče rovnou z pece, sváteční šátečky či plněné rohlíčky z nejkvalitnějších surovin, obložené banketky, chlebíčky, fit chlebíčky. Několik druhů kávy, čokolád i čajů. Zajišťujeme oslavy narozenin a promoce.","5","14","Perlová 1020/8, 110 00  Praha, Staré Město","11000","420","724939723","Mobil",
"LKD-Potraviny","Provozujeme francouzskou cukrárnu, pekárnu a lahůdky. Nabízíme široký výběr tradičních francouzských specialit od dortů, chleba a pečiva po výživná a lehká jídla jako saláty, polévky a sendviče. U nás nakoupíte rovněž ingredience a polotovary pro domácí přípravu gurmánských jídel.","2.5","3","Dlouhá 614/10, 110 00  Praha, Staré Město","11000","420","222329060","Telefon","https://augourmand.cz"
"SERFY Czech","Jsme rodinný podnik, který se věnuje přípravě poctivé zmrzky. Každý den si u nás můžete vybrat až z deseti druhů zmrzliny, které pravidelně obměňujeme.","5","7","náměstí Olgy Scheinpflugové 1284/2, 152 00  Praha, Hlubočepy","15200","420","725726727","Telefon","https://www.lazmrzka.cz/"
"Běla Řídká","Nabízíme zákusky a minizákusky, zmrzlinové poháry či dorty zdobené živými květy a atypické dorty dle představ zákazníka.","4.5","3","Jirečkova 949/17, 170 00  Praha, Holešovice","17000","420","233370083","Telefon","https://www.upalmy.cz"
"Simona Lukáčová","Tradiční i luxusní cukrovinky, alkohol našich i světových značek prodáváme již 15 let. Zhotovíme dárkové koše i dorty na vaše přání. Nabízíme dárkové šeky. U nás najdete vždy sladký dárek pro své blízké. Prodáváme italskou zmrzlinu z vlastní výrobny.","1","1","Sofijské náměstí 3404/3, 143 00  Praha, Modřany","14300","420","777849360","Mobil","http://www.cukrarnasimona.cz"
"Barossa","Nabízíme donuty.","-1","0","Spálená 93/23, 110 00  Praha, Nové Město","11000","420","608258484","Mobil","https://ladonuteria.eu"
"Alena Doležalová","Nabízíme zákusky, dorty a chlebíčky vlastní výroby. Vyrábíme atypické dorty či pravou šlehačku.","4","16","Karlovo náměstí 315/6, 120 00  Praha, Nové Město","12000","420","224916774","Telefon",
"ARTCON","Provozování kavárny. Nabízíme koláče, dorty, kávu z tuzemských i zahraničních pražíren, domácí snídaně, saláty a burgery. Dále do našeho sortimentu patří bílá, červená a růžová vína. Naše kavárna je nekuřácká. K dispozici je zahrádka a bezdrátové internetové připojení. Umožňujeme platbu kartou.","4","4","Moravská 1540/18, 120 00  Praha, Vinohrady","12000","420","739018195","Mobil","https://monolok.cz"
"Veronika. The Cook and Baker","Pečeme a vaříme poctivě, s láskou a nadšením.","5","2","Komunardů 1126/33, 170 00  Praha, Holešovice","17000","420","776834567","Telefon","https://www.facebook.com/VeronikaTheCookAndBaker"
"Vlastimil Šmída","Prodej zmrzliny a palačinek.","5","2","Karlova 164/28, 110 00  Praha, Staré Město","11000","420","601101878","Mobil","https://bbgelato.com"
"AVANERO","Provozujeme kavárnu s cukrárnou.","3.5","4","Belgická 270/30, 120 00  Praha, Vinohrady","12000","420","608839826","Mobil","https://ippacafe.cz"
"Mgr. Tetyana Kharkivska","Provoz nekuřácké cukrárny. V nabídce naleznete různé druhy zákusků, dortů, palačinek, sendvičů a bujónů. Prodej teplých i studených nápojů. K dispozici je bezdrátové připojení k internetu. Možnost posezení.","2.5","16","Roháčova 1278/113, 130 00  Praha, Žižkov","13000",,,,
"Hájek & Hájková","Naše cukrárna nabízí velký výběr ovocných a šlehačkových dortů, chlebíčky, bagety, mléčné koktejly se zmrzlinou, čerstvé ovocné šťávy, točenou jahodovo-banánovou a vanilkovou zmrzlinu, kopečkovou zmrzlinu. Dodáváme i do kaváren a cukráren v okolí.","3","10","Petržílkova 2583/15, 158 00  Praha, Stodůlky","15800","420","730150840","Mobil","https://www.cukrarna-hajek-hajkova.cz"
"Cukrář Skála","Jsme továrna na sladkosti. Můžete si u nás objednat dorty na zakázku dle vašich chutí a představ. Děláme dorty svatební, narozeninové, dětské a mnoho dalších pro různé příležitosti. Naleznete u nás velký výběr zákusků, koláčů, zmrzlin, pralinek a jiných.","5","17","V celnici 1034/6, 110 00  Praha, Nové Město","11000","420","220199381","Telefon","https://www.cukrarskala.cz/"
"AVANERO","Kavárna s vlastní cukrářskou výrobou.","4.5","7","Jungmannova 30/21, 110 00  Praha, Nové Město","11000","420","608839826","Mobil","https://ippacafe.cz/pobocky/cafe-jungmannova"
"Ivana Melicharová","Jsme rodinná cukrárna, k přípravě dortů používáme výhradně kvalitní suroviny. Vyrábíme zákusky, celé dorty a dorty dle přání zákazníků. V naší provozovně Vám nabízíme lahůdkářské výrobky, jako například chlebíčky, obložené mísy, ovocné mísy. Nově je provozovna také klimatizována. Těšíme se na Vás.","5","18","Kyjevská 525/6, 160 00  Praha, Dejvice","16000","420","606862594","Telefon","http://www.uboruvky.cz"
"Klára Libá","Zakázková výroba svatebních a narozeninových dortů a jiných sladkostí včetně sladkých barů. Pečeme pouze z kvalitních surovin a bez náhražek.","5","2","Polská 1664/15, 120 00  Praha, Vinohrady","12000","420","777906442","Mobil","http://www.vinohradskedorty.cz"
"SLADKÝ ŽIVOT na Hanspaulce s.r.o.","Domácí zákusky a dorty vyrobené s láskou z poctivých farmářských surovin. Zakázková výroba narozeninových dortů a zákusků.","4.5","7","Na Pískách 1256/39, 160 00  Praha, Dejvice","16000","420","725176891","Mobil","https://sladkyzivot.cafe"
"CAMBRIEL s.r.o.","Čokoládový workshop, pralinka, kurzy čokoládových dezertů pro jednotlivce i firmy. 
Budování týmu/ team building, oslava narozenin, oslava výročí.","5","2","Havelská 521/8, 110 00  Praha, Staré Město","11000","420","774419946","Telefon","http://www.passionchocolate.cz"
"Václav Roškota","Provozujeme cukrárnu. Nabízíme zákusky a chlebíčky vlastní výroby. Na přání vyrábíme svatební a slavnostní či slané dorty a zajišťujeme občerstvení na rauty.","5","2","Račiněveská 2444, 190 16  Praha, Újezd nad Lesy","19016","420","737623611","Mobil",
"KYO - PARIS s.r.o.","Vyrábíme unikántní lahodné dorty a zákusky z kvalitních surovin s použitím ingrediencí z celého světa. Nabízíme francouzské snídaně, obědy, romantický brunch. Věnujeme se i zakázkové výrobě: svatební či narozeninový dort zhotovíme na přání i v bezlepkové, bezlaktozové, veganské podobě.","5","3","Klimentská 2067/34, 110 00  Praha, Nové Město","11000","420","775096621","Mobil","https://www.facebook.com/cafe.milleme"
"Lington Accessories","Nabízíme unikátní koncept luxusních jogurtů. Dobrá káva a pití samozřejmostí.","5","2","Petrohradská 893/34, 101 00  Praha, Vršovice","10100","420","775150299","Mobil","https://www.mujjogurt.cz"
"Cukrárna Kamel","Nabídka dortů, zákusků a teplých i studených nápojů.","5","1","Francouzská 85/42, 120 00  Praha, Vinohrady","12000","420","608507381","Telefon","https://www.cukrarnakamel.cz"
"CERN-Praha","Provozujeme kavárnu. Nabízíme kávu, zákusky a dorty.","-1","0","Anglická 388/1, 120 00  Praha, Vinohrady","12000","420","777699494","Mobil","https://www.facebook.com/Eclair.prague"
"I Love Ice Cream","Provozujeme italskou zmrzlinárnu. Používáme čerstvé mléčné výrobky a ovoce od místních producentů a pěstitelů doplněné kombinací kvalitních surovin z Itálie.","-1","0","Gogolova 228/8, 118 00  Praha, Hradčany","11800","420","608534050","Telefon",
"MARKETON","Esoterická kavárna. Široký sortiment teplých a studených nápojů, originální kávové recepty, přírodní ovocné čaje. Dobrý výběr vín a lihovin. Lehké občerstvení a dezerty jsou k dispozici. Všechny návštěvníky naši kavárny čeká aroma čerstvě uvařené kávy, příjemná atmosféra a dobrá nálada.","5","3","Zborovská 1200/6, 150 00  Praha, Smíchov","15000","420","774888847","Mobil","http://bluebirds.cz/cz/cafe.html"
"Olha Kasyanova","Chutné a kvalitní dorty na objednávku. Používáme pouze prověřené kvalitní potraviny a ingredience, a proto vyrábíme ideálně chutné dorty podle nejlepších receptů.","5","9","V Zeleném údolí 1301/9, 148 00  Praha, Kunratice","14800","420","776152835","Telefon","https://www.guljardo.com/"
"AVANERO","Provozujeme kavárnu s cukrárnou.","4","4","Bělohorská 724/134, 169 00  Praha, Břevnov","16900","420","608839836","Mobil","https://ippacafe.cz/pobocky/cafe-brevnov"
"Cukrárna u Arbesa","Provoz cukrárny. Všechny naše cukrářské výrobky vyrábíme ve vlastní výrobně z nejkvalitnějších surovin. Vaše chuťové buňky vás budou milovat.","5","1","Štefánikova 278/40, 150 00  Praha, Smíchov","15000","420","724731515","Telefon","https://www.cukrarnauarbesa.cz"
"TO EUROPE","Jsme malá útulná kavárna. Připravujeme výběrovou, čerstvě praženou kávu Doubleshot, nabízíme výborné dortíky, moravské koláče, buchty, domácí limonády a mnoho dalšího.","5","5","Jugoslávských partyzánů 639/26, 160 00  Praha, Bubeneč","16000","420","736523749","Mobil","https://www.estellacafe.cz"
"Dana Danielová","Provozujeme cukrárnu. Nabízíme narozeninové a svatební dorty, zákusky, briošek vlastní výroby a chlebíčky.","4","27","Vinohradská 2266/118, 130 00  Praha, Vinohrady","13000","420","271734010","Telefon",
"Aleš Červenka","Bezlepkové i jiné zákusky a jejich miminka, celé dorty po objednání, v létě kopečkové zmrzliny, v zimě mrazené ovoce, vína, med, káva Brasil, bylinné sirupy, cukrovinky.","5","9","Brodského 1673/13, 149 00  Praha, Chodov","14900","420","776062030","Telefon",
"MANES GROUP","Moderní kavárna a cukrárna sázející na výtečnou kávu a výrobky z vlastní cukrárny a pekárny. Zastavte se jen tak pro kávu sebou nebo dezert po obědě. Kvalitu a čerstvost určitě oceníte.","3.5","2","Masarykovo nábřeží 250/1, 110 00  Praha, Nové Město","11000","420","730150772","Mobil","https://manesrestaurant.cz"
"MAKSER","Prodáváme zmrzlinu. Nabízíme smetanové, sorbetty ze sezonního ovoce a jedinečné jako například - parmazánové, dýňové, rýžové, rebarborové, bezové, avokádové, olivové, levandulové, a kopřivové zmrzliny.","5","16","Újezd 425/24, 118 00  Praha, Malá Strana","11800","420","777787344","Telefon","https://angelato.cz"
"Thi Nguyet Nguyen","Provoz kavárny s cukrárnou.","5","2","Komořanská 2065/9, 143 00  Praha, Modřany","14300","420","606054964","Mobil","https://www.cukrarnakavarna9999.cz"
"Dreamco","Můžete k nám přijít ochutnat naší BIO kávu, včetně rozsáhlého sortimentu kvalitních českých dezertů a pokrmů. Součástí kavárny je 2 patrový domeček s velkým množstvím hraček.","5","3","Gercenova 1181/10, 102 00  Praha, Hostivař","10200","420","603595199","Mobil","https://www.facebook.com/indancecafe"
"Hájek a Boušová","Výroba a prodej ovocných a šlehačkových dortů, luxusních dortů, obložených chlebíčků a mís, zmrzlin a zmrzlinových pohárů a mléčných koktejlů.","5","1","Vinohradská 2828/151, 130 00  Praha, Žižkov","13000","420","774444878","Mobil","https://www.ovocnysvetozor.cz"
"Choco Loves Coffee","Jsme místo s jedinečnou atmosférou a koncepcí kombinující kavárnu a prodejnu v jednom. U nás objevíš mnohem víc než jen skvělou kávu, lahodné dobroty a čokolády z celého světa. Jsme oáza klidu v samotném srdci města, kde se snadno uvolníš a ztratíš pojem o čase. Těšíme se na Tvojí návštěvu.","5","2","Jugoslávská 662/27, 120 00  Praha, Vinohrady","12000","420","224284325","Telefon",
"Ivana Hubená","Vlastní výroba a prodej klasických máslových, šlehačkových i odlehčených dortů, zákusků i minizákusků. Nabídka čokolád, sušenek, bonbónů, bonboniér, alkoholických značkových nápojů, vín i limonád a obložených chlebíčků. Po telefonické domluvě je možné zákusky či dort doručit na vybranou adresu.","5","13","Podolská 134/29, 147 00  Praha, Podolí","14700","420","777270555","Mobil","https://www.facebook.com/cukrarstvi.u.michala"
"Jitka Kolárová","Provozujeme cukrárnu s možností posezení pro 10 hostů. Vyrábíme zákusky a dorty včetně chlebíčků, obložených mís a nápojů. Nabízíme šlehačkové, krémové, ovocné, svatební a speciální dorty. Poskytujeme cateringové služby.","-1","0","Jemnická 313/15, 140 00  Praha, Michle","14000","420","739285698","Mobil","http://www.dortiky.cz"
"Blanka Janulíková","Provoz cukrárny.","4","3","Xaveriova 1941/56, 150 00  Praha, Smíchov","15000","420","777242942","Mobil",
"Renáta Strejcová","Provozujeme cukrárnu. Nabízíme svatební či narozeninové dorty. Zajišťujeme dorty na objednávku. V nabídce dále naleznete tradiční zákusky, jednohubky i obložené chlebíčky. Na objednávku Vám také připravíme dárkové koše či balíčky.","5","2","Klapkova 42/5, 182 00  Praha, Kobylisy","18200","420","284690817","Telefon","http://www.cukrarnaunovaku.cz"
"IF CHOCOLATE","Provoz kavárny s cukrárnou. Možnost on-line objednání zákusků a dortů.","4.5","18","U Sovových mlýnů 501/7, 118 00  Praha, Malá Strana","11800",,,,"https://ivetafabesova.cz"
"MAKSER","Prodáváme zmrzlinu. Nabízíme smetanové, sorbetty ze sezonního ovoce a jedinečné jako například - parmazánové, dýňové, rýžové, rebarborové, bezové, avokádové, olivové, levandulové, a kopřivové zmrzliny.","4.5","12","Bělohorská 1390/50, 169 00  Praha, Břevnov","16900","420","257224395","Telefon","https://angelato.cz"
"Petra Barkmanová","Kavárna/cukrárna/pekárna, kde si na cestu do práce, školy nebo jen na procházku můžete zakoupit čerstvé pečivo, obložené housky, chlebíčky, zákusky, výbornou kávu, domácí limonádu, přes 20 druhů zmrzliny. Také si zde můžete objednat na oslavu dort, minizákusky, miniřízečky, obložené mísy aj.","4.5","1","Voskovcova 1035/22, 152 00  Praha, Hlubočepy","15200","420","723063733","Telefon","http://petitbarrandov.cz"
"Karolína Průchová","Provoz kavárny. Dětské hřiště. Máme zahradu. Nabízíme dezerty, dorty, zákusky nebo třeba víno.","-1","0","Chuchelská 6/1, 143 00  Praha, Modřany","14300","420","777080986","Mobil","https://www.vinicemodrany.cz"
"ZELA","Provozujeme cukrárnu, nabízíme různé dorty a zákusky.","4.5","4","Veronské nám. 403, 109 00  Praha, Horní Měcholupy","10900",,,,"https://zelenkovacukrarna.cz"
"Pražská čokoláda","Provoz kavárny s nabídkou kávy z české pražírny La Bohéme, horké čokolády, domácích limonád, freshe, kácovského piva a vína z Velkých Pavlovic. Dále nabízíme vegetariánské a veganské menu. Možnost jídla s sebou.","5","2","Nerudova 225/44, 118 00  Praha, Malá Strana","11800","420","778736363","Mobil",
"Play Space","Nabízíme sladké Bubble Vaffle do kornoutu, Bubble-Tea, lívance.","5","9","Evropská 166/205, 161 00  Praha, Liboc","16100","420","734678549","Telefon","https://www.facebook.com/profile.php"
"Zařízení služeb pro Ministerstvo vnitra","Provoz cukrárny. Prodej vlastních zákusků a sladkostí. Výroba svatebních dortů a dezertů pro slavnostní hostiny a další akce. Nabízíme posezení u kávy či zmrzlinového poháru.","4.5","2","Na Pankráci 1623/72, 140 00  Praha, Nusle","14000","420","974849702","Telefon","https://www.zsmv.cz/"
"SERFY Czech","Jsme rodinný podnik, který se věnuje přípravě poctivé zmrzky. Každý den si u nás můžete vybrat až z deseti druhů zmrzliny, které pravidelně obměňujeme.","5","12","náměstí Junkových 2870/3, 155 00  Praha, Stodůlky","15500","420","725726727","Telefon","https://www.lazmrzka.cz"
"Don Bakery","Provozujeme cukrárnu. Nabízíme dorty, kusové dezerty, slané koláče a kávu.","-1","0","Lidická 841/9, 150 00  Praha, Smíchov","15000","420","776409026","Mobil",
"PURO GELATO","Provozujeme cukrárnu. Nabízíme GELATO dle vlastních receptů, GELATO poháry, mléčné koktejly, sorbety, čerstvé dorty a zákusky, přírodní ovocné šťávy a italskou Rainforest kávu a hořkou čokoládu.","5","10","Na Hrobci 410/1, 128 00  Praha, Nové Město","12800","420","721438209","Mobil","https://purogelato.cz"
"BENEA","Poskytujeme výrobu a prodej pekařských i cukrářských produktů. Nabízíme běžné a cereální pečivo, koblihy, koláče, svatební koláčky, minizákusky, dorty, řezy, cukrářské polotovary a chléb.","4.5","2","Nitranská 1012/26, 130 00  Praha, Vinohrady","13000","420","222515247","Telefon","https://www.benea.cz/"
"ANFILOD s.r.o.","Sháníte dobrý dort na objednávku v Praze? My vám v tom pomůžeme! Vyrábíme krásně zdobené dorty na objednávku v Praze pro malé i velké oslavy všeho druhu — narozeninové dorty pro muže, narozeninové dorty pro děti, narozeninové dorty pro ženy, svatební dorty.","5","7","Čestmírova 145/8, 140 00  Praha, Nusle","14000","420","739157981","Telefon","http://www.sweetcakes.cz"
"Pekařství Moravec","Provozujeme cukrárnu. Nabízíme prodej zmrzliny.","4","1","Ratibořická 2325/36, 193 00  Praha, Horní Počernice","19300","420","776715599","Mobil","http://www.pekarstvimoravec.cz"
"Ivana Korecká","Nabídka různých druhů káv, dezertů, chlebíčků a doplňkového sortimentu. Možnost posezení na zahrádce.","4","8","Zbraslavské nám., 156 00  Praha","15600","420","777130366","Mobil",
"Centrum MARTIN","Provozujeme kavárnu. V nabídce káva a limonády z Pražírny Drahonice, domácí zákusky.","5","3","Sokolovská 29/75, 186 00  Praha, Karlín","18600","420","725992559","Mobil","https://www.centrummartin.cz/treninkova-pracoviste/cafe-martin-karlin/"
"Dagmar Tylčerová","Cukrárna a pekárna, kde najdete vše moderní, krásné, svěží a chutné.","-1","0","Milešovská 1609/8, 130 00  Praha, Vinohrady","13000","420","773504183","Telefon","http://www.sugarmama.cz"
"Iryna Jamborova","Jsme rodinná cukrárna. Vyrábíme pro vás nejrůznější dorty a zákusky podle osvědčených receptů z celého světa.","4.5","9","Na Petřinách 310/82, 162 00  Praha, Veleslavín","16200","420","775033564","Mobil","http://www.sladkadilna.cz"
"Michal Appl","Vyrábíme kvalitní domácí dorty, koláče, Cheese Cake, zákusky, rolády. Dále bezlepkové dorty, svatební dorty, narozeninové dorty, dorty na objednávku, bábovky, sladký catering.","-1","0","Francouzská 563/72, 101 00  Praha, Vinohrady","10100","420","607277688","Mobil","https://www.kavarnaslagr.cz"
"Jana Anderlová","Provozujeme cukrárnu s nabídkou zákusků, chlebíčků, obložených baget, teplých i studených nápojů. Nabízíme klasické, svatební i atypické dorty. Připravujeme chuťovky a obložené mísy. Zajišťujeme rozvoz zboží po Praze v chladicích vozech.","5","3","Nuselská 124/29, 140 00  Praha, Nusle","14000","420","241742054","Telefon","https://www.facebook.com/cukrarnaLuja"
"ZELA","Provozujeme cukrárnu, nabízíme různé dorty a zákusky.","4.5","3","Topolová 2915/16, 106 00  Praha, Záběhlice","10600","420","702088384","Mobil","https://zelenkovacukrarna.cz"
"Donuterie","Nabízíme čerstvé donuty, domácí limonády, kávu a mnoho dalšího. Rádi napečeme i na Vaši oslavu.","5","6","Náprstkova 215/9, 110 00  Praha, Staré Město","11000","420","733392789","Mobil","https://www.donuterie.eu"
"Hájek a Boušová","Výroba a prodej ovocných a šlehačkových dortů, luxusních dortů, obložených chlebíčků a mís, zmrzlin a zmrzlinových pohárů a mléčných koktejlů.","4.5","5","Chlumecká 765/6, 198 00  Praha, Černý Most","19800","420","774444869","Mobil","https://www.ovocnysvetozor.cz"
"Nicola Škorpilová","Elegantní kavárna v centru Prahy. Nabízíme vynikající poctivé dorty z kvalitních surovin a výběrovou kávu.","-1","0","Na Bojišti 1989/8, 120 00  Praha, Nové Město","12000","420","774066784","Mobil","https://www.facebook.com/QueenCafePraha"
"BAR production CZ","Provoz kavárny a cukrárny.","4","12","náměstí Dr. Václava Holého 1059/17, 180 00  Praha, Libeň","18000","420","602464417","Telefon",
"Staropražské tradiční trdlo","Prodej tradičního trdelníku.","-1","0","Na Příkopě 957/23, 110 00  Praha, Staré Město","11000","420","608611823","Mobil","http://www.trdlo.com"
"Roman Janeček","Výroba a prodej minidezertů.","4.5","2","Pštrossova 198/23, 110 00  Praha, Nové Město","11000","420","777083218","Telefon","https://www.veneckyjanecek.cz"
"PURO GELATO","Provozujeme cukrárnu. Nabízíme GELATO dle vlastních receptů, GELATO poháry, mléčné koktejly, sorbety, čerstvé dorty a zákusky, přírodní ovocné šťávy a italskou Rainforest kávu a hořkou čokoládu.","5","2","Thámova 289/13, 186 00  Praha, Karlín","18600","420","778977792","Mobil","https://purogelato.cz"
"Mediterranean Trade company s.r.o.","Provoz kavárny a cukrárny.","-1","0","Maňákova 813/14, 198 00  Praha, Černý Most","19800",,,,
"MAISON cafe","Provoz kavárny. Nabízíme domácí zmrzlinu a italskou kávu.","5","3","Žitomírská 585/37, 101 00  Praha, Vršovice","10100","420","605989559","Telefon",
"SALE - PRAHA","Provozujeme kavárnu a cukrárnu s nabídkou různých druhů káv, zákusků, dortů, palačinek a zmrzlinových pohárů. V nabídce máme klasické, svatební, dětské i exkluzivní dorty, šlehačkové, čokoládové, marcipánové i ovocné. Prodáváme také různé druhy vín, nealkoholické i míchané nápoje.","5","1","Melantrichova 477/20, 110 00  Praha, Staré Město","11000","420","224214152","Telefon","https://www.latorta.eu"
"Kateřina Matoušková","V historické části města provozujeme kavárnu. Připravujeme pro Vás jen kvalitní kávu také z Blovické pražírny. Milovníkům vína přineseme víno od vinaře roku 2020 Milana Sůkala z Nového Poddvorova.","5","2","Anenská 188/3, 110 00  Praha, Staré Město","11000","420","731052667","Telefon","https://uzabradli.cz"
"Nostro","Denně čerstvě dělané donuty a výborná italská káva.","5","7","Vinohradská 1246/55, 120 00  Praha, Vinohrady","12000","420","704784600","Mobil",
"Honey Moon","Provoz kavárny s nabídkou kávy a dezertů. Prodej dezertů Marlenka.","-1","0","Uhelný trh 526/6, 110 00  Praha, Staré Město","11000","420","773728827","Mobil","https://honeymooncz.com"
"Zuzana Heroldová","Provoz cukrárny.","5","2","Morseova 253/1, 109 00  Praha, Petrovice","10900","420","274867374","Telefon",
"DonPablo s","Provozujeme cukrárnu s kavárnou.","-1","0","Libušská 394/227, 142 00  Praha, Libuš","14200","420","731154010","Mobil","http://www.donpablo.cz"
"PASSION CHOCOLAT","Provozování cukrárny a kavárny. Výroba dortů, čokoládových bonbónů, francouzského pečiva a svatebních dortů. Pořádáme cukrářské kurzy.","4","11","Karmelitská 376/20, 118 00  Praha, Malá Strana","11800","420","603333338","Mobil","https://cukrarnatropez.cz"
"SILÁK","Provoz cukrárny. V cukrárně připravujeme skoro 50 různých zákusků a pečených produktů.","5","2","Dukelských hrdinů 232/36, 170 00  Praha, Holešovice","17000","420","737666510","Mobil","http://uhrdinu.cz"
"SUGAR CUBE s.r.o.","Vyrábíme exkluzivní svatební, dětské dorty a speciální firemní dorty atd. Dorty vyrábíme jen z kvalitních surovin bez éček. Závozy naším chladícím vozem jsou samozřejmostí.","4","12","Vinohradská 2022/125, 130 00  Praha, Vinohrady","13000","420","273130574","Telefon","https://www.erhartovacukrarna.cz"
"Barbora Mašterová","Provozujeme cukrárnu. Nabízíme narozeninové dorty, zmrzlinu, cukroví, zákusky či obložené bagety.","4.5","11","Mladoboleslavská 475, 197 00  Praha, Kbely","19700","420","776213246","Mobil","https://www.facebook.com/cukrarnaavanti"
"DM2019","Provozujeme kavárnu a cukrárnu. Nabízíme nejrůznější italské dezerty, dorty, zákusky, ale také slané občerstvení, např. tousty a sendviče, croissanty. K pití nabídneme italskou kávu a víno.","5","5","Italská 212/5, 120 00  Praha, Vinohrady","12000","420","727989949","Telefon","https://www.dolcemente-vinohrady.cz"
"Supernova M&M","Provoz kavárny s výrobou vlastních croissantů a dalších sladkých a slaných produktů.","4.5","9","Na zátorách 1625/1, 170 00  Praha, Holešovice","17000","420","725443448","Mobil","https://supernovabakehouse.cz"
"Food House","Provoz cukrárny. Nabídka cukrářských a lahůdkářských výrobků.","-1","0","Přístavní 531/24, 170 00  Praha, Holešovice","17000","420","720981486","Mobil","https://www.facebook.com/Avion-Sweet-Factory"
"Italská cukrárna Amarena","Provozujeme italskou cukrárnu dlouhodobě působící v České republice. Nabízíme dorty, zákusky, 18 druhů zmrzliny a teplé i studené nápoje. Všechny suroviny k výrobě zákusků, dortů, dezertů a zmrzliny jsou kvalitní a vlastní receptury.","-1","0","Novodvorská 1800/136, 142 00  Praha, Braník","14200","420","608340020","Mobil","https://www.cukrarnaamarena.cz"
"Květuše Malá","Nabízíme čerstvé zákusky, celé dorty na objednávku, chlebíčky, točenou zmrzlinu, italskou kávu, mléčné koktejly, poháry, domácí limonády či domácí ledové čaje. Možnost posezení na zahrádce.","4.5","13","náměstí Jiřího z Lobkovic 2307/15, 130 00  Praha, Vinohrady","13000","420","702605988","Mobil",
"Jindřiška Literová","Provozujeme cukrárnu. Zajišťujeme kompletní cukrářskou výrobu a prodej cukrovinek. Vyrábíme zákusky, dorty, atypické i svatební dorty, minidezerty, koláčky, vánoční čajové pečivo a jiné.","-1","0","Na Musilech 349/26, 142 00  Praha, Libuš","14200",,,,
"futurista","Celodenní brunch, neotřelé chlebíčky, populární dezerty, kávu a spoustu grab & go sortimentu. To vše v krásné rondokubistické budově Legiobanky od světoznámého architekta Josefa Gočára. Otevíráme hned ráno a když to počasí dovolí, můžete si jídlo i piti vychutnat na venkovní zahrádce.","3.5","4","Na Poříčí 1046/24, 110 00  Praha, Nové Město","11000","420","720953819","Telefon","https://cernamadona.com/archa"
"SERFY Czech","Jsme rodinný podnik, který se věnuje přípravě poctivé zmrzky. Každý den si u nás můžete vybrat až z deseti druhů zmrzliny, které pravidelně obměňujeme.","5","5","Petržílkova 2835/1a, 158 00  Praha, Stodůlky","15800","420","725726727","Mobil","https://www.lazmrzka.cz"
"SILVA INVEST","Provozujeme čokoládovnu s nabídkou ručně vyrobené čokolády, pralinek, figurek a darkových krabic.","4.5","4","Janovského 919/36, 170 00  Praha, Holešovice","17000","420","222964467","Telefon","http://www.co-xo.cz"
"Zámecká pekárna s.r.o.","Zakázková výroba dle domácích tradičních receptů. Nabízíme: svatební koláče, šátečky, žitný chleba, mazanec, sváteční mazanec, vánoční cukroví, moravské koláče dvojctihodné, svatební oznámení. Dále bezlepkové kokosky, mafiny.","-1","0","Doudova 154/22, 147 00  Praha, Podolí","14700","420","721515151","Mobil","https://www.zamecka-pekarna.cz"
"Bifé","Jsme malá rodinná kavárna, kde nabízíme pouze své vlastní cukrářské výrobky, obložené chleby, sendviče, polévku a od 7:30 do 11:00 podáváme snídaně.","-1","0","Elišky Přemyslovny 451, 156 00  Praha, Zbraslav","15600","420","778005885","Mobil","https://www.facebook.com/bifezbraslav"
"Hájek a Boušová","Výroba a prodej ovocných a šlehačkových dortů, luxusních dortů, obložených chlebíčků a mís, zmrzlin a zmrzlinových pohárů a mléčných koktejlů.","4.5","2","Havlíčkova 1682/15, 110 00  Praha, Nové Město","11000","420","774444873","Mobil","https://www.ovocnysvetozor.cz"
"Hájek a Boušová","Výroba a prodej ovocných a šlehačkových dortů, luxusních dortů, obložených chlebíčků a mís, zmrzlin a zmrzlinových pohárů a mléčných koktejlů.","4.5","3","Plzeňská 233/8, 150 00  Praha, Smíchov","15000","420","778444124","Telefon","https://www.ovocnysvetozor.cz"
"SUGAR CUBE s.r.o.","Vyrábíme pro vás exkluzivní zákusky a dorty. Možnost objednání celých dortů s vyzvednutím na pobočce.","5","2","Vodičkova 699/28, 110 00  Praha, Nové Město","11000","420","777227248","Mobil","https://www.erhartovacukrarna.cz"
"IMOBA","Provozujeme kavárnu. K dispozici je Wi-Fi připojení, nekuřácký prostor a salonek. Nabízíme minichlebíčky, sendviče, dezerty a bagety. Možnost pořádání oslav, večírků, pracovních schůzí a podobně.","5","1","Babická 2329/2, 149 00  Praha, Chodov","14900","420","272192273","Mobil","https://www.restauracecolumna.cz"
"Pavel Sedláček","Naše cukrárna Vám od roku 2007 nabízí denně více než 30 druhů vynikajících a kvalitních zákusků, chlebíčky, celé dorty na objednávku a mnoho dalších dobrot za rozumné ceny. Především výbornou Fair trade kávu Puro. Dále nabízíme více než 10 druhů horkých nápojů, nealko, víno i lihoviny.","5","1","Koněvova 1519/165, 130 00  Praha, Žižkov","13000","420","222587704","Mobil","https://www.cafeacukrarna.cz"
"Hájek & Hájková","Naše cukrárna nabízí velký výběr ovocných a šlehačkových dortů, chlebíčky, bagety, mléčné koktejly se zmrzlinou, čerstvé ovocné šťávy, točenou jahodovo-banánovou a vanilkovou zmrzlinu, kopečkovou zmrzlinu. Dodáváme i do kaváren a cukráren v okolí.","3.5","15","Nádražní 762/32, 150 00  Praha, Smíchov","15000","420","730150839","Telefon","https://www.cukrarna-hajek-hajkova.cz"
"Hájek a Boušová","Výroba a prodej ovocných a šlehačkových dortů, luxusních dortů, obložených chlebíčků a mís, zmrzlin a zmrzlinových pohárů a mléčných koktejlů.","4.5","3","Nuselská 133/134, 140 00  Praha, Michle","14000","420","774444846","Mobil","https://www.ovocnysvetozor.cz"
"Sladká cesta","Naše cukrárna, zaměřující se na výrobu a prodej jedinečných zákusků, které připravujeme s marmeládami a korpusy námi vyrobenými.","4.5","7","Jilská 451/20, 110 00  Praha, Staré Město","11000","420","739584480","Telefon","http://sladkacesta.cz"
"SPORT Hostivař","Provozujeme cukrárnu. Nabízíme zmrzlinu nebo zákusky. K dispozici je venkovní terasa a dětské hřiště.","4.5","1","U Golfu 565, 109 00  Praha, Horní Měcholupy","10900","420","777292818","Mobil","http://www.golfhostivar.cz/co-nabizime/cukrarna"
"WAF-WAF","Provoz creperie s nabídkou crepes a waffles.","-1","0","náměstí Republiky 1078/1, 110 00  Praha, Nové Město","11000","420","725745898","Mobil","https://www.waf-waf.cz"
"Statistrade","Provoz nekuřácké kavárny v unikátních památkově chráněných prostorech budovy bývalé Legiobanky nabízí stylové a příjemné prostředí pro více než 80 hostů v interiéru kavárny a dalších 40 míst na venkovní předzahrádce, čímž vytváří vhodný prostor i na pronájem pro školení, oslavy a další akce.","-1","0","Na Poříčí 1046/24, 110 00  Praha, Nové Město","11000","420","727963540","Telefon","https://www.facebook.com/archabaristacafe"
"Cukrářství Viktoria","Nabízíme dorty, zákusky, pralinky, bonboniéry, čokoládové figurky, minideserty, kavárenské dorty, kolekce nebo zmrzlinu.","4.5","10","V zákopech 341/2, 142 00  Praha, Písnice","14200","420","605464092","Mobil","https://cukrarstvi-viktoria.cz"
"ZELA","Provozujeme cukrárnu, nabízíme různé dorty a zákusky.","5","2","Koněvova 1703/132, 130 00  Praha, Žižkov","13000","420","702073544","Mobil","https://zelenkovacukrarna.cz"
"PURO GELATO","Provozujeme cukrárnu. Nabízíme GELATO dle vlastních receptů, GELATO poháry, mléčné koktejly, sorbety, čerstvé dorty a zákusky, přírodní ovocné šťávy a italskou Rainforest kávu a hořkou čokoládu.","-1","0","Vítězné náměstí 578/3, 160 00  Praha, Dejvice","16000",,,,"https://purogelato.cz"
"Centrum MARTIN","Provozujeme kavárnu s nabídkou zákusků, pudingů, panini atd. Nabízíme vlastní praženou kávu (Pražírna Drahonice), domácí sirupy a výborné, taktéž domácí, dezerty. K dispozici je připojení k WiFi a dětský koutek. Káva je podávaná v šálcích vyrobených v chráněné dílně.","4","3","Lupáčova 805/10, 130 00  Praha, Žižkov","13000","420","724028025","Telefon","https://www.a-mano.cz"
"PPF Gastro","Nově otevřená kavárna se vzdušným interiérem. Menu, které dává na výběr ze snídaňových specialit, salátového baru a celodenní nabídky, je pod taktovkou člena českého národního kuchařského týmu Petra Vláska. O dezerty a croissanty domácí výroby se stará šefcukrářka Ilona Tunková.","4","4","Evropská 2690/17, 160 00  Praha, Dejvice","16000","420","224174122","Telefon","https://cafesofa.cz"
"Luboš Schafferhans","Provozujeme kavárnu a cukrárnu. Nabízíme kávu, čaje, zákusky, chlebíčky a toasty. K dispozici je WiFi připojení. Možnost posezení na venkovní zahrádce.","5","6","Severovýchodní II 553/2, 141 00  Praha, Záběhlice","14100","420","604615375","Mobil","https://www.facebook.com/Cappuccino-caf%C3%A9-Spo%C5%99ilov-278974508837428/"
"Marcel Kunay","Provozujeme kavárnu. Nabízíme kávu Manaresi, čaje Ronnenfeld, mošt, čerstvé cheesecaky, dorty, snídaně, obědy, večeře a jídla s sebou.","5","2","Verdunská 627/11, 160 00  Praha, Bubeneč","16000","420","220515254","Telefon",
"Michal Bláha","V dlouho opuštěných prostorech po bývalé samoobsluze uprostřed pražských Hlubočep jsme vybudovali kavárnu s cukrárnou, která vám nabídne jak posezení v příjemném prostředí, kvalitní zákusky a dorty, tak třeba kávu s sebou na vycházce do Prokopského údolí.","4.5","12","Slivenecká 77/1, 152 00  Praha, Hlubočepy","15200","420","606519478","Mobil","https://www.cukrarnahlubocepy.cz"
"Sun Dream","V Emilly café denně pečeme desítky čerstvých zákusků, vyrábíme domácí pomazánky, některé druhy bylinek a zeleniny vozíme z vlastní zahrádky a pečlivě se vyhýbáme polotovarům i nezdravým chemickým přísadám.","4.5","1","Bělohorská 724/134, 169 00  Praha, Břevnov","16900","420","220511205","Telefon",
"PROFLUID Controls","Provozujeme cukrárnu-kavárnu s nabídkou dezertů francouzského typu a nápojů. Je možné platit platebními kartami a také přijímáme stravenky.

Další služby: Wi-Fi, Platba kartou, Zahrádka, Parkoviště, Bezbariérové, Wolt, Bolt","5","3","Drahobejlova 2473/40, 190 00  Praha, Libeň","19000","420","724414555","Mobil","https://fairytalebakery.cz"
"Eva Žežulková","Výroba dortů, vánočního cukroví a svatebních koláčků. Možnost posezení. Nabídka klasických, ovocných, svatebních, dětských i speciálních dortů.","4.5","12","Hovorčovická 1676/28, 182 00  Praha, Kobylisy","18200","420","284685169","Telefon","https://www.cukrarnauhaje.cz"
"Staropražské tradiční trdlo","Prodej tradičního trdelníku.","-1","0","Na Příkopě 390/5, 110 00  Praha, Staré Město","11000","420","608611823","Mobil","http://www.trdlo.com"
"Hájek & Hájková","Naše cukrárna nabízí velký výběr ovocných a šlehačkových dortů, chlebíčky, bagety, mléčné koktejly se zmrzlinou, čerstvé ovocné šťávy, točenou jahodovo-banánovou a vanilkovou zmrzlinu, kopečkovou zmrzlinu. Dodáváme i do kaváren a cukráren v okolí.","1.5","2","Střelničná 1660/31, 182 00  Praha, Kobylisy","18200","420","773704324","Telefon","https://www.cukrarna-hajek-hajkova.cz"
"ART & ORGANIC","Provozujeme cukrárnu.","-1","0","Malostranské náměstí 265/6, 118 00  Praha, Malá Strana","11800",,,,
"Kristýna Kopecká","Provozujeme cukrárnu. Nabízíme domácí zákusky, sušenky, buchty i bábovky. Pečeme cukroví a dorty dle Vašeho přání. Vyrábíme vlastní zmrzlinu.","4.5","13","Kladenská 421/27, 160 00  Praha, Vokovice","16000","420","607010723","Mobil","http://mucenka.cz"
"Cayamant Corp","Nabízíme čerstvé pečivo, zákusky, dorty, koláče, točené víno, kávu, čaj, pizzu, párek v rohlíku a mnoho dalších dobrot.","-1","0","Vršovická 839/44, 101 00  Praha, Vršovice","10100","420","608822212","Telefon",
"365-7-24.cz","Jsme výhradně česká firma se sídlem a výrobnou v Plzni. Naše pražské prodejny dortů SiCAKE – Svět dortů jsou prvním cakeshopem svého druhu v Česku. Nabízíme největší výběr vlastnoručně modelovaných dortů, které vyrábíme na smetanovém základu, z kvalitních surovin dle vlastních receptur.","-1","0","Veselská 663, 199 00  Praha, Letňany","19900","420","724363933","Telefon","http://www.sicake.cz"
"Vyšehrad 2000","Provozujeme secesní kavárnu s nabídkou jídel české i mezinárodní kuchyně, alkoholických, nealkoholických a teplých nápojů. K dispozici je zahrádka. Nabízíme prostory pro pořádání společenských akcí včetně zajištění kompletního servisu. Máme pestrou nabídku domácích dezertů přímo z naší cukrárny.","3.5","10","náměstí Republiky 1090/5, 110 00  Praha, Staré Město","11000","420","222002763","Telefon","http://www.kavarnaod.cz"
"AVANERO","Provozujeme kavárnu s cukrárnou.","2","1","Jiřská 11/6, 119 00  Praha, Hradčany","11900","420","608839836","Mobil","https://ippacafe.cz/pobocky/cafe-prazsky-hrad"
"Italská cukrárna Amarena","Provozujeme italskou cukrárnu dlouhodobě působící v České republice. Nabízíme dorty, zákusky, 18 druhů zmrzliny a teplé i studené nápoje. Všechny suroviny k výrobě zákusků, dortů, dezertů a zmrzliny jsou kvalitní a vlastní receptury.","-1","0","Veselská 663, 199 00  Praha, Letňany","19900","420","221742400","Telefon","https://www.cukrarnaamarena.cz"
"Hana Andělová","Nabídka zákusků, zmrzlinových pohárů, kávy, cukrovinek i chlebíčků. Na objednávku celé dorty.","4.5","7","Pelzova 1513, 156 00  Praha, Zbraslav","15600","420","725758606","Mobil",
"Karel Martínek","Vyrábíme dorty všech druhů a velikostí, minidezerty a vánoční cukroví. Nabízíme dorty dětské, svatební, šlehačkové, ovocné, máslové, sportovní a speciální. Zajišťujeme rozvoz.","5","2","Drahobejlova 1308/2, 190 00  Praha, Libeň","19000","420","733198982","Mobil","http://www.karlikovy-dorty.cz"
"MAKSER","Prodáváme zmrzlinu. Nabízíme smetanové, sorbetty ze sezonního ovoce a jedinečné jako například - parmazánové, dýňové, rýžové, rebarborové, bezové, avokádové, olivové, levandulové, a kopřivové zmrzliny.","4.5","7","Dejvická 278/24, 160 00  Praha, Dejvice","16000","420","777787233","Mobil","https://angelato.cz"
"Helen´s coffee","Rádi vás uvítáme v naší rodinné kavárně, která se nachází kousek od centrálního parku. Máme vynikající výběrovou kávu, výborné dorty, čaje, horké čokolády, vína, piva z minipivovarů, domácí polévky a snídaně. Každou neděli také speciální dobroty jako vafle, lívance či burgery.","5","18","Harmonická 1384/11, 158 00  Praha, Stodůlky","15800","420","604973772","Mobil","http://www.helenscoffee.cz"
"Cukrář Skála","Jsme továrna na sladkosti. Můžete si u nás objednat dorty na zakázku dle vašich chutí a představ. Děláme dorty svatební, narozeninové, dětské a mnoho dalších pro různé příležitosti. Naleznete u nás velký výběr zákusků, koláčů, zmrzlin, pralinek a jiných.","4.5","8","Dlouhá 727/39, 110 00  Praha, Staré Město","11000","420","220912527","Telefon","https://www.cukrarskala.cz/"
"cafe original","Nabídka zákusků, čajů, kávy z vlastní pražírny a jiných nealkoholických nápojů. K dispozici je WiFi připojení, venkovní zahrádka. Doporučujeme udělat rezervaci.","4.5","24","Jana Zajíce 975/7, 170 00  Praha, Bubeneč","17000","420","732938046","Mobil","http://www.alchymista.cz"
"Anděl back","Jsme řemeslná pekárna a cukrárna s vlastní výrobnou. Všechny naše chleby jsou pečeny z přírodního kvásku. V naší prodejně najdete každý den čerstvé pečivo, zákusky a chlebíčky. Přijďte si k nám zpříjemnit den.","5","4","Trousilova 1064/4, 182 00  Praha, Kobylisy","18200","420","233557744","Telefon","http://www.andelback.cz"
"U Orloje 14","Kavárna, přímo naproti Orloji, je dobrým místem pro setkání, oslavy, svatby či odpočinek při kávě a zákusku. Pracovní snídaně formou švédských stolů nebo lehký oběd ještě umocní výhled na apoštoly. Bohatý výběr domácích dortů a zmrzliny přímo z naší výrobny.","4","7","Staroměstské náměstí 481/22, 110 00  Praha, Staré Město","11000","420","221632520","Telefon","https://www.cafemozart.cz/cz"
"newera","Provozujeme cukrárnu.","-1","0","Husitská 83/23, 130 00  Praha, Žižkov","13000",,,,
"SPV - středisko praktického vyučování","Nabídka cukrářských, pekařských i lahůdkářských výrobků v učňovské cukrárně podle klasických receptur.","-1","0","Slánská 1706/2, 163 00  Praha","16300","420","312687237","Telefon",
"Cheecup","Provoz kavárny a cukrárny se zaměřením na domácí výrobu cheesecake a cupcake.","3.5","7","Nedvědovo náměstí 1164/14, 147 00  Praha, Podolí","14700","420","731301769","Mobil","https://www.cheecup.cz"
"Hájek a Boušová","Výroba a prodej ovocných a šlehačkových dortů, luxusních dortů, obložených chlebíčků a mís, zmrzlin a zmrzlinových pohárů a mléčných koktejlů.","4.5","7","Roztylská 2321/19, 148 00  Praha, Chodov","14800","420","774444876","Telefon","https://www.ovocnysvetozor.cz"
"Bakeshop Praha","Pekárna, cukrárna, kavárna a bistro nabízející vlastní pečivo, dorty, sladkosti, saláty, polévky, quiche, sendviče, pomazánky, teplé a studené nápoje. Zajišťujeme také odvoz zboží k Vám domů, do Vaší kanceláře nebo na Vaši oslavu.","5","4","Kozí 918/1, 110 00  Praha, Staré Město","11000","420","222316823","Telefon","https://www.bakeshop.cz/"
"PRVNÍ CUKRÁŘSKÁ","Provozujeme cukrárnu. Vyrábíme a prodáváme domácí zákusky a dorty, cukrovinky, chlebíčky, lázeňské oplatky, nápoje, ovocné poháry, bonboniéry, dortové svíčky, zdobení a dekorace a figurky z marcipánu. Nabízíme domácí točenou zmrzlinu.","3.5","9","Staroklánovická 470, 190 16  Praha, Újezd nad Lesy","19016","420","774889609","Mobil","https://www.cukrarnauberusky.cz"
"Věra Šimandlová","Provozujeme kavárnu s cukrárnou a vinárnou. Nabízíme zákusky a dorty vlastní výroby.","5","2","Libošovická 1705/9, 193 00  Praha, Horní Počernice","19300","420","603362469","Mobil","https://www.dortyodmaminky.cz"
"CUKRÁRNA HANNY","Vyrábíme dorty a zákusky z pravé šlehačky. Nabízíme výbornou italskou zmrzlinu vlastní výroby. Rádi vám připravíme kávu, poháry, dorty či zákusky. Podle vašeho přání si můžete z naší nabídky vybrat celé dorty, na které je možno doplnit čísla, loga, písmo i fotografie z jedlého papíru.","4","4","náměstí Osvoboditelů 1372, 153 00  Praha, Radotín","15300","420","777733466","Telefon","https://www.cukrarnahanny.cz"
"BioStyle","Nabízíme občerstvení, palačinky a zmrzlinové poháry. Prodáváme bagety, toasty, saláty, kávu i míchané nápoje.","3.5","2","Novodvorská 1800/136, 142 00  Praha, Braník","14200","420","774455006","Mobil","https://www.kavarnacreperie.cz"
"Tomáš Panáček","Provozujeme pekárnu a cukrárnu. V nabídce naleznete i točenou zmrzlinu.","3.5","5","Seifertova 840/48, 130 00  Praha, Žižkov","13000","420","734436791","Mobil",
"Cukrárna Jarníkova","Provozujeme cukrárnu. Nabízíme i výrobu dortů a zákusků.","4.5","1","Jarníkova 1894/21, 148 00  Praha, Chodov","14800","420","721818182","Mobil","https://www.facebook.com/cukrarnajarnikova1894"
"Iveta Holečková","Provozujeme cukrárnu s nabídkou zákusků, dortů a cukrovinek, zmrzliny i zmrzlinových pohárů či studených i teplých nápojů.","5","1","Tilleho náměstí 792/2, 152 00  Praha, Hlubočepy","15200","420","777747400","Mobil","https://www.facebook.com/ParkCafe67"
"Jitka Vakočová","Provozujeme kavárnu a cukrárnu. Pro naše zákazníky máme připraveny dorty, koláče, čerstvé bagety, chlebíčky, čokolády, bonbóny a další výhradně domácí výroby. Nabízíme Vám veškerý sortiment s možností zabalení s sebou, včetně kávy a bonbónů.","4.5","13","Turnovského 497/2, 100 00  Praha","10000","420","274774251","Mobil","http://www.dolce-carosello.cz"
"Kateřina Willmannová","Provozujeme rodinnou cukrárnu s kavárnou a objednávkovým e-shopem. V cukrárně nabízíme výbornou točenou zmrzlinu Adria Gold. Samozřejmě zákusky, dorty a chlebíčky vlastní výroby. Studené a teplé nápoje, např. kávu, horkou čokoládu a mléčnou pěnu, limonádu, lahvové pivo a víno.","5","3","Proutěná 427/28, 149 00  Praha, Újezd u Průhonic","14900","420","776177880","Telefon","https://www.domacidezerty.cz"
"Hájek & Hájková","Naše cukrárna nabízí velký výběr ovocných a šlehačkových dortů, chlebíčky, bagety, mléčné koktejly se zmrzlinou, čerstvé ovocné šťávy, točenou jahodovo-banánovou a vanilkovou zmrzlinu, kopečkovou zmrzlinu. Dodáváme i do kaváren a cukráren v okolí.","2","1","Radlická 520/117, 158 00  Praha, Jinonice","15800","420","703143501","Telefon","https://www.cukrarna-hajek-hajkova.cz"
"Jiří Křivánek","Provoz cukrárny s nabídkou teplých a studených nápojů či zákusků.","4.5","8","Na okraji 439/46a, 162 00  Praha, Veleslavín","16200","420","221228430","Telefon","https://www.slamovka.com/o-cukrarne/"
"Kateřina Jiroušková","Provoz cukrárny s vlastní výrobou.","4.5","5","Národní obrany 824/35, 160 00  Praha, Bubeneč","16000","420","604227672","Mobil","https://www.dodo-bezlepku.cz"
"Staropražské tradiční trdlo","Prodej tradičního trdelníku.","-1","0","Mostecká 55/3, 118 00  Praha, Malá Strana","11800","420","608611823","Mobil","http://www.trdlo.com"
"Staropražské tradiční trdlo","Prodej tradičního trdelníku.","-1","0","Karlova 165/13, 110 00  Praha, Staré Město","11000","420","608611823","Mobil","http://www.trdlo.com"
"Kavárna COFICO","Coffeeshop s historií. Otevřeno každý den.","-1","0","V kapslovně 2765/15, 130 00  Praha, Žižkov","13000",,,,"https://instagram.com/cofico.cz"
"Sweet Life","Cukrárna se specializuje na dorty jako jsou cheesecaky, cupcaky, brownies a mrkvové. Nabízíme dorty na oslavu, firemní s logem nebo catering. Připravujeme své sendviče a saláty přímo v našem obchůdku. Spolupracujeme s The Pie Shop, kteří vyrábí masové páje. K dispozici je WiFi připojení k internetu.","-1","0","U Vodárny 1226/6, 130 00  Praha, Vinohrady","13000","420","603828847","Mobil","http://www.sweetlife.cz"
"MAKSER","Prodáváme zmrzlinu. Nabízíme smetanové, sorbetty ze sezonního ovoce a jedinečné jako například - parmazánové, dýňové, rýžové, rebarborové, bezové, avokádové, olivové, levandulové, a kopřivové zmrzliny.","5","14","Rytířská 962/27, 110 00  Praha, Staré Město","11000",,,,"https://angelato.cz"
"Retro Soft","Provoz cukrárny a pekárny. Nabízíme čokoládové i ovocné dorty a různé druhy zákusků.","5","2","Jugoslávských partyzánů 1088/17, 160 00  Praha, Dejvice","16000","420","774055042","Mobil","http://www.cukrarnabruno.cz"
"Věrka","Provozujeme cukrárnu.","4","7","Křešínská 131/8, 104 00  Praha, Uhříněves","10400","420","267710188","Telefon",
"Ing. Antonín Rosypal","Provoz cukrárny. Nabídka dortů, zákusků, studené kuchyně a teplých i studených nápojů. Výroba dortů patrových, klasických i květinových, diabetických, bezlepkových, bezlaktózových; svatebních i firemních. Možnost pořádání oslav a akcí v kavárně. Nabídka cateringových služeb, vánočního cukroví, aj.","3.5","7","Na Zderaze 1947/3, 120 00  Praha, Nové Město","12000","420","224923916","Telefon","http://www.cukrarna-studanka.cz"
"Helena Hrubešová","Nabízíme denně čerstvé koláče, zákusky, dorty a chlebíčky, vše vlastní, domácí výroby, z kvalitních surovin bez použití dochucovadel a chemických směsí. K posezení u nás, s sebou i na objednávku.","5","14","Bělohorská 1393/44, 169 00  Praha, Břevnov","16900","420","704407363","Mobil",
"NEW REKLAM","Nabídka několika druhů kávy, nápojů, domácích zákusků a denní jídelní lístek. K posezení nabízíme útulné atrium a venkovní terasu s minigolfem. Usměvavý a velmi ochotný personál, který se vám bude plně věnovat po dobu vaší návštěvy u nás, při návštěvě s kamarádem nebo vašeho důležitého jednání.","5","3","U Slavie 1527/3, 100 00  Praha, Vršovice","10000","420","776111119","Mobil","http://www.cafecollection.cz"
"MONDIELO","Provozujeme kavárnu. Snažíme se přinášet nejen chutná, ale i zdravá jídla a nápoje. Našim zákazníkům nabízíme jen vlastní domácí jídlo, dezerty a nápoje. Na všechno dohlíží špičkoví kuchaři, kteří jsou zárukou stoprocentní kvality a čerstvosti.","4.5","2","Roztylská 2321/19, 148 00  Praha, Chodov","14800","420","739155966","Mobil","https://mondieu.cz"
"Hana RAŠÍNOVÁ","Zveme Vás do naší rodinné cukrárny, kde na Vás čekají dorty vlastní výroby nebo domácí pečivo a koláče. Přijímáme objednávky na celé dorty a chlebíčky. Dodáváme sortiment na catering. Naše kvalita a ceny Vás příjemně překvapí.","5","11","Terronská 582/15, 160 00  Praha, Bubeneč","16000","420","606248887","Mobil","https://www.facebook.com/Bubene%C4%8Dsk%C3%A1-Ovocn%C3%A1-cukr%C3%A1rna-1435274589818837/"
"Helena Součková","Tradiční česká cukrárna s vlastní výrobou. Nabízíme narozeninové a svatební dorty, zákusky i minidezerty, dorty krémové, tvarohové, šlehačkové, ovocné, dětské a marcipánové a také pečeme Velikonoční i Vánoční pečivo. Vnitřní i venkovní posezení, free WiFi, pískoviště.","5","16","Spořická 314/42, 184 00  Praha, Dolní Chabry","18400","420","731447713","Mobil","http://napesine.cz"
"Loving Hut spol. s r.o.","Provoz veganské cukrárny.","-1","0","Jugoslávská 481/12, 120 00  Praha, Vinohrady","12000","420","777727668","Telefon","https://www.lovinghut.cz"
"ENERELIE Plus","Malá útulná kavárna. Nabízíme kávu, zákusky, točenou zmrzlinu, víno, čaje, koktaily (alko i nealko), milkšejky, smoothie apod.","-1","0","Breitcetlova 771/6, 198 00  Praha, Černý Most","19800",,,,"https://coffee-bean.cz"
"ZELA","Provozujeme cukrárnu. Nabízíme zákusky, dorty, chlebíčky, zmrzliny či výbornou kávu.","-1","0","Nuselská 205/43, 140 00  Praha, Nusle","14000","420","727927297","Telefon","https://zelenkovacukrarna.cz"
"Martina Myslíková","Provozujeme cukrárnu. Nabízíme prodej cukrářských výrobků, chlebíčků, kávy, řeckých specialit, zdravé výživy a hořovické pečivo. Poskytujeme i služby pro svatby a ostatní oslavy. Přijímáme objednávky na celé dorty a větší množství ostatního zboží.","5","8","Nuselská 595/78, 140 00  Praha, Michle","14000","420","722299821","Mobil","https://www.facebook.com/cukrarnacharlie"
"CUKRÁRNA HANNY","Vyrábíme dorty a zákusky z pravé šlehačky. Nabízíme výbornou italskou zmrzlinu vlastní výroby. Rádi vám připravíme kávu, poháry, dorty či zákusky. Podle vašeho přání si můžete z naší nabídky vybrat dorty, na které je možno doplnit čísla, loga, písmo, fotografie z jedlého papíru, ovoce, marcipán.","2","10","Zbraslavské náměstí 467, 156 00  Praha, Zbraslav","15600","420","777733467","Telefon","https://www.cukrarnahanny.cz"
"ADANA Coffee","Výběrová káva v srdci města. Najdete zde vždy i něco k zakousnutí – od neodolatelných zákusků po čerstvé saláty.","5","5","Jindřišská 831/2, 110 00  Praha, Nové Město","11000",,,,"https://www.instagram.com/restcafe.cz"
"Cukrárna Marcipánka","Jsme pekárna a cukrárna s kváskovým pečivem, skvělými dezerty a domácí zmrzlinou.","4.5","5","Mladoboleslavská 8, 190 17  Praha, Vinoř","19017","420","603410006","Mobil","https://www.marcipanka.cz"
"Hájek & Hájková","Naše cukrárna nabízí velký výběr ovocných a šlehačkových dortů, chlebíčky, bagety, mléčné koktejly se zmrzlinou, čerstvé ovocné šťávy, točenou jahodovo-banánovou a vanilkovou zmrzlinu, kopečkovou zmrzlinu. Dodáváme i do kaváren a cukráren v okolí.","4","4","Štúrova 1281/10, 142 00  Praha, Krč","14200","420","736539864","Telefon","https://www.cukrarna-hajek-hajkova.cz"
"Simona Lukáčová","Tradiční i luxusní cukrovinky, alkohol našich i světových značek prodáváme již 15 let. Zhotovíme dárkové koše i dorty na vaše přání. Nabízíme dárkové šeky. U nás najdete vždy sladký dárek pro své blízké. Prodáváme italskou zmrzlinu z vlastní výrobny.","-1","0","Novodvorská 1013/151, 142 00  Praha, Lhotka","14200","420","777849360","Mobil","http://www.cukrarnasimona.cz"
"TALER","Provozujeme kavárnu. Nabízíme kávu, minicheesecakes a kořeněné sušenky. Možnost pořádání oslav.","5","3","Pod Harfou 995/23, 190 00  Praha, Vysočany","19000","420","776284433","Mobil","https://www.facebook.com/monkeycoffeehouse/"
"Famagusta Group","Provozujeme cukrárnu se specializací na cupcakes. Všechny naše dortíky pečeme s láskou a s citem pro detail, jsou samozřejmě domácí výroby a pouze z kvalitních surovin. Přijďte ochutnat do originálního pražského cupcake obchůdku nebo objednávejte na zakázku.","4","4","Vyšehradská 1446/53, 128 00  Praha, Nové Město","12800","420","222543841","Telefon","https://www.leliscupcakes.com"
"Sladká cesta","Zaměřujeme se na výrobu a prodej zákusků, kávy 100% arabica a cukroví podle našich receptur z čerstvých a kvalitních surovin. Vaříme si svoje džemy. Pečeme vlastní korpusy. Do krému používáme máslo. Vyrábíme živočišnou šlehačku.","-1","0","Koněvova 2894/39, 130 00  Praha, Žižkov","13000",,,,
"Eliels","Místo, odkud se linou vůně čerstvě upečených koláčů a dortů, jakoby je připravila maminka nebo babička. Denně si tak můžete vybrat na 15 druhů koláčů, dezertů a sušenek a mlsat můžete nad šálkem čerstvé kávy v naší kavárně nebo vám vše zabalíme i s sebou.","5","11","Táborská 583/28, 140 00  Praha, Nusle","14000","420","730504356","Mobil","https://www.kolacovekralovstvi.cz"
"Ivona Závodská","Provozujeme cukrárnu. Nabízíme zákusky, chlebíčky, kávu či čaj. Možnost objednání celých dortů.","5","16","Gutova 70/20, 100 00  Praha, Strašnice","10000","420","724680554","Mobil","https://www.cukrarnazavodska.cz"
"Anna Bednářová","Provozujeme kavárnu.","5","3","V Nových Vokovicích 85/6, 160 00  Praha, Vokovice","16000","420","605563231","Mobil","https://www.facebook.com/tukafekavarna"
"AMBI FOOD","Vítejte v cukrářské dílně Lukáše Pohla a jeho týmu. Zákusky děláme na dvě sousta, abychom vám dali ochutnat víc druhů. Baristé vám k nim připraví výběrovou kávu a pekaři přibalí čerstvé pečivo.","4","11","Vodičkova 710/31, 110 00  Praha, Nové Město","11000","420","730589249","Mobil","https://www.mysak.ambi.cz"
"Nebe La dolce vita","Provoz cukrárny a kavárny. Výroba bonboniér, nabídka belgických pralinek Leonidas, dortů a minizákusků. Prodej moravských vín, zmrzliny a čajů Mlesna včetně vlastní kávy. V letních měsících nabídka nepasterizované zmrzliny, v zimních svařené belgické čokolády.","-1","0","Pplk. Sochora 980/15, 170 00  Praha, Holešovice","17000","420","603174215","Telefon","https://www.nebeskepralinky.cz"
"JAADA cz","Specializujeme na vlastní výrobu tradičních i netradiční dortů - svatebních, narozeninových, firemních s logem, dortů pro děti, mini dezertů, koláčů i svatebních výslužek. Dále vyrábíme chlebíčky, obložené mísy, kanapky a jiné slané delikatesy. K dispozici je WiFi připojení.","4.5","14","Újezd 412/17, 118 00  Praha","11800","420","777235139","Mobil","https://www.uknoflicku.cz"
"APETIT CENTRUM","Provozujeme cukrárnu. Nabízíme dorty, zákusky, chlebíčky, balené saláty, bagety, sendviče, kávu, koktejly, kopečkovou zmrzliny Carte d´or, zmrzlinové poháry vlastní výroby. Prodáváme bonboniéry, čokoládu, cukrovinky a dárkové koše. V létě je zde k dispozici zahrádka s kapacitou 30 míst.","5","8","Revoluční 1634/12, 110 00  Praha, Nové Město","11000","420","603163588","Mobil","http://www.apetitpraha.cz"
"CZ Unity Corporation s.r.o.","Kvalitní káva, luxusní domácí zákusky, snídaně po celý den, polévky a palačinky. Veškeré nápoje a jídla Vám rádi zabalíme s sebou. Také si u nás můžete objednat krásný dort na Vaši oslavu nebo roztomilé minidezerty a cupcakes.","4","2","Kozí 858/13, 110 00  Praha, Staré Město","11000","420","608691974","Telefon","http://www.elviracafe.com"
"Iva Nováková","Malá rodinná kavárna, ve které si kromě vaflí, můžete dát šálek výběrové kávy, brunch či sklenku dobrého vína nebo prosecca.","5","1","Francouzská 230/10, 120 00  Praha, Vinohrady","12000","420","725119979","Mobil","http://www.cafewaffle.cz"
"Bifé","Provozujeme kavárnu s cukrárnou. Nabízíme teplé a studené nápoje, především kávu, horkou čokoládu, domácí limonády, osvěžující drinky a k tomu dorty, zákusky, narozeninové dorty na objednávku a to vše vlastní výroby z čerstvých surovin. K dispozici je zahrádka.","4","13","U prádelny 668, 156 00  Praha, Zbraslav","15600","420","778005885","Prodejna","https://www.facebook.com/bifepradelna"
"Cukrárna V sedmém nebi","Provoz cukrárny.","4.5","6","Hostivařská 597/22, 102 00  Praha, Hostivař","10200","420","604215191","Telefon","https://www.facebook.com/Cukr%C3%A1rna-V-sedm%C3%A9m-nebi-639506186152110"
"eFact","Kavárna je malým rodinným podnikem a nachází se přímo v samotném srdci města. Pro zákazníky jsme poprvé otevřeli dveře v listopadu 2014. Jsme originální kočičí kavárnou, která následuje trendy původních japonských zvířecích kaváren.","4.5","48","Michalská 430/3, 110 00  Praha, Staré Město","11000","420","223008284","Telefon","http://kavarnakocici.com"
"Donut Donuter","Každý den u nás koupíte čerstvé koblížky dle pravé americké receptury. Můžete si u nás koupit donut ke kávě cestou domů z práce, nebo si objednat plnou krabici koblížků na firemní snídani.","4","4","Seifertova 996/31, 130 00  Praha, Žižkov","13000","420","604334061","Mobil","https://donuter.cz"
"Gabriela Lukičová","Najdete u nás skvělé pečivo, které dovážíme z Mělnického pekařství Mšeno. Nabízíme také domácí slané i sladké koláče a dorty, farmářské sýry, chlebíčky a v létě zmrzlinu.","5","2","Šmeralova 134/8, 170 00  Praha, Bubeneč","17000","420","223000730","Telefon","https://www.facebook.com/smeralka"
"Petra Michlíčková","Malé cukrářství s vlastní výrobou dortů, koláčů a tradičních dezertů. Upečeme Vám malý narozeninový dort, ale umíme napéct i velikou svatbu. nNešetříme na surovinách, dodáváme jen poctivé výrobky z kvalitních surovin.","5","1","Ve žlíbku 1860/72, 193 00  Praha, Horní Počernice","19300","420","721100146","Mobil","http://cukrarstvivzahrade.cz"
"Ollies dorty","Výdejna cukrářských výrobků z naší cukrárny.","-1","0","Tusarova 1622/39a, 170 00  Praha, Holešovice","17000","420","603424268","Mobil","https://ollies.cz"
"Helen´s coffee","Rodinná kavárna přímo u metra B Hůrka. Výběrová káva Doubleshot, filtrovaná káva z top pražíren, domácí limonády, skvělé dorty, zapečené chleby a bagely. Navštivte také naší první pobočku Helen's coffee na adrese Harmonická 11.","4.5","6","Sluneční náměstí 2560/4, 158 00  Praha, Stodůlky","15800","420","739822007","Telefon","https://www.facebook.com/helenscoffeehurka"
"Klára Čornaničová","Bezlepková kavárna/cukrárna. Zákusky i bez mléka a laktózy. Výroba dortů na zakázku. Bohatý výběr kávy zn. Filicori.","5","1","Na spojce 87/8, 101 00  Praha, Vršovice","10100","420","777474999","Telefon","https://www.facebook.com/profile.php"
"Inteligencia","Specializujeme se na prodej zmrzliny.","4","3","Malostranské náměstí 38/24, 118 00  Praha, Malá Strana","11800",,,,"http://www.amorino.com"
"NO. 1 CUKRÁŘSTVÍ","Jsme malé punkové cukrářství na Vinohradech s vlastní výrobnou zákusků a dortů z čerstvých a sezónních surovin.","4.5","13","Čáslavská 1791/1, 130 00  Praha, Vinohrady","13000","420","608218230","Mobil","https://www.cukrarstvicp1.cz"
"Iryna Jamborova","Jsme rodinná cukrárna. Vyrábíme pro vás nejrůznější dorty a zákusky podle osvědčených receptů z celého světa.","5","27","Cukrovarská 15/20, 196 00  Praha, Čakovice","19600","420","775033520","Mobil","http://www.sladkadilna.cz"
"365-7-24.cz","Výroba a prodej dortů podle vlastních receptur.","1","1","Plzeňská 233/8, 150 00  Praha, Smíchov","15000","420","777266933","Mobil","https://sicake.cz"
"Symposio Gastro","Provozujeme cukrárnu. Nabízíme různé druhy zákusků.","4.5","14","Musílkova 335/62, 150 00  Praha, Košíře","15000","420","725860351","Mobil","https://www.zavalianissweet.cz"
"KUMBAL s.r.o.","Provozujeme kavárnu. Nabízíme kolumbijskou kávu, mléčné koktejly a vynikající vína, domácí koláče a dorty, zapečené tousty a další občerstvení. K dispozici je malá venkovní zahrádka, WiFi, k zapůjčení denní tisk, časopisy a deskové hry. Možnost rezervace celé kavárny pro soukromou oslavu.","5","9","Heřmanova 408/12, 170 00  Praha, Holešovice","17000","420","777559842","Mobil","http://www.kumbal.cz"
"Hana Benešová","Provozujeme cukrárnu s vlastní výrobou a bistrem. V nabídce máme klasické sladké zákusky a dorty a také slané dobroty.","-1","0","Litevská 1273/2, 100 00  Praha, Vršovice","10000","420","774201040","Mobil","http://www.cukrarnalilly.cz"
"Staropražské tradiční trdlo","Prodej tradičního trdelníku.","-1","0","Na Můstku 383/1, 110 00  Praha, Staré Město","11000","420","608611823","Mobil","http://www.trdlo.com"
"Votre plaisir","Preciznost francouzského cukrářství a opravdová chuť, to jsou naše dezerty a dorty. Naši cukrárnu naleznete v samém centru města. Moderní zpracování a špičkové suroviny. Rádi vám také připravíme kávu, čaj, míchané drinky, sklenku naturálního vína či Prosecca nebo láhev Champagne.","-1","0","Klimentská 1246/1, 110 00  Praha, Nové Město","11000","420","737509106","Mobil","https://www.votreplaisir.cz"
"Ivana Andreasová","Provoz cukrárny a kavárny. Nabízíme kávu a zákusky.","5","4","Starostrašnická 960/35, 100 00  Praha, Strašnice","10000","420","737977748","Mobil",
"Cukrárna No. 3","Provoz cukrárny.","5","3","K Borovíčku 104/1, 148 00  Praha, Kunratice","14800","420","604265611","Telefon","https://cukrarnano3.business.site"
"Ventury s.r.o.","Provozujeme kavárnu. K lahodné kávě Lavazza Vám nabídneme výjimečné mezinárodní dezerty, které sami připravujeme přímo v naší kavárně. Kromě dezertů pečeme také veškeré podávané pečivo, zcela jistě si tak vyberete z naší široké nabídky toastů či domácích polévek.","2.5","2","Celetná 598/11, 110 00  Praha, Staré Město","11000","420","602248533","Telefon","https://www.facebook.com/cakeshopprague"
"Lucie Zrucká","Zabýváme se výrobou a prodejem dortů, zákusků, minidezertů a zmrzlinových pohárů. Nabízíme možnost dovezení dortů a zákusků chladicím vozem. Prodáváme ovocné, krémové, čokoládové i šlehačkové zákusky či zákusky pro diabetiky. Poskytujeme kompletní svatební zákuskový servis i s dopravou.","4.5","13","Koněvova 129/10, 130 00  Praha, Žižkov","13000","420","222781732","Telefon","https://cukrarnalucie.cz"
"Martin Hinda","Zabýváme se pekařskou a cukrářskou výrobou. Nabízíme klasické, speciální, šlehačkové a atypické dorty, ovocné řezy, karamelové větrníky a další. V našem sortimentu naleznete také rolády, kremrole, košíčky a jiné.","3","2","Jana Želivského 1860/27, 130 00  Praha, Žižkov","13000","420","222585989","Telefon","https://www.cukrarna-smis.cz"
"Baštova zmrzlinárna s.r.o.","Nabízíme domácí zmrzlinu a dorty vlastní výroby. Dále nabízíme kávu.","5","5","náměstí Bratří Synků, 140 00  Praha","14000","420","739041166","Mobil","https://www.facebook.com/bastovazmrzlina"
"Monika Walterová","Provozujeme cukrárnu. Nabízíme zakázkovou výrobu dortů, svatebních koláčů, zákusků, chlebíčků a jednohubek. Vyrábíme minidezerty, domácí jablečné záviny, obložené mísy a pečeme vánoční cukroví.","5","8","Vlkova 456/10, 130 00  Praha, Žižkov","13000","420","222721813","Telefon","https://cukrarnasladkamonika.cz"
"SALE - PRAHA","Provozujeme kavárnu a cukrárnu s nabídkou různých druhů káv, zákusků, dortů, palačinek, zmrzliny a zmrzlinových pohárů.","-1","0","Nerudova 232/49, 118 00  Praha, Malá Strana","11800","420","773452349","Mobil","https://www.latorta.eu"
"Cafetrade","Nabízíme snídaně i gourmet menu - ochutnat můžete říční raky nebo šneky. Vlastní pekárna nabízí denně čerstvé pečivo a navazuje na prvorepublikovou kavárenskou atmosféru. Nevšední interiér podtrhuje památkově chráněný strop s historií od roku 1893.","3.5","10","Vítězná 124/5, 150 00  Praha, Malá Strana","15000","420","731136144","Telefon","https://cafesavoy.ambi.cz/cz/"
"sweet rawisa","Jsme rodinná kavárna specializující se na vlastní výrobu raw vegan dezertů. Všechny naše produkty jsou přirozeně bez lepku a laktózy, vegan a raw. Samozřejmostí jsou i narozeninové a svatební dorty.","5","1","Rumunská 256/25, 120 00  Praha, Vinohrady","12000","420","799501255","Telefon","https://www.treesisters.cz"
